datetime,account_id,action,details
2025-08-02 15:48:05,1,CHECK_BALANCE,Balance
2025-08-02 15:48:15,1,CHECK_BALANCE,Balance
2025-08-02 15:48:36,1,CHECK_BALANCE,Balance
2025-08-02 15:53:15,1,GET_BALANCE_ACCOUNT,This
2025-08-02 15:53:15,1,CHECK_BALANCE,Balance
2025-08-02 21:14:13,1,GET_BALANCE_ACCOUNT,This
2025-08-02 21:14:13,1,CHECK_BALANCE,Balance
2025-08-02 21:14:26,1,GET_BALANCE_ACCOUNT,This
2025-08-02 21:14:26,1,CHECK_BALANCE,Balance
2025-08-02 21:14:59,1,GET_BALANCE_ACCOUNT,This
2025-08-02 21:18:11,1,GET_BALANCE_ACCOUNT,This
